﻿product_id,product_name,product_category,cost
1,レアチーズケーキ,ケーキ,400
2,ベイクドチーズケーキ,ケーキ,500
3,ショートケーキ,ケーキ,600
4,モンブラン,ケーキ,500
5,ガトーショコラ,ケーキ,800
6,ケーキ詰め合わせ,ケーキ,1000
7,オレンジゼリー,ゼリー,300
8,グレープゼリー,ゼリー,300
9,洋ナシゼリー,ゼリー,300
10,ゼリー詰め合わせ,ゼリー,1000
11,チョコレートクッキー,クッキー,200
12,ガレット,クッキー,300
13,サブレ,クッキー,200
14,アイスボックスクッキー,クッキー,300
15,クッキー詰め合わせ,クッキー,600
